CREATE TABLE Students(
    SID INTEGER PRIMARY KEY,
    Name VARCHAR2(100) NOT NULL,
    Major VARCHAR2(100)
);

CREATE TABLE Projects(
    PID INTEGER PRIMARY KEY,
    P_Name VARCHAR2(100) NOT NULL
);

CREATE TABLE Courses(
    CID INTEGER PRIMARY KEY,
    C_Name VARCHAR2(100) NOT NULL
);

CREATE TABLE Members(
    PID INTEGER,
    SID INTEGER,
    PRIMARY KEY(PID, SID),
    FOREIGN KEY (PID) REFERENCES Projects(PID),
    FOREIGN KEY (SID) REFERENCES Students(SID)
);

CREATE TABLE Enrollments(
    CID INTEGER,
    SID INTEGER,
    PRIMARY KEY(CID, SID),
    FOREIGN KEY (CID) REFERENCES Courses(CID),
    FOREIGN KEY (SID) REFERENCES Students(SID)
);

INSERT INTO Students VALUES(1, 'Bob', 'CS');
INSERT INTO Students VALUES(2, 'Alice', 'NA');
INSERT INTO Students VALUES(3, 'Molly', 'CS');
INSERT INTO Students VALUES(4, 'Anj', 'SAD');
INSERT INTO Students VALUES(5, 'Nik', 'GAY');
INSERT INTO Students VALUES(6, 'Bob', NULL);
INSERT INTO Students VALUES(7, 'Nik', NULL);
INSERT INTO Students VALUES(8, 'John', 'NA');
INSERT INTO Students VALUES(9, 'Carol', 'NA');
INSERT INTO Students VALUES(10, 'Steve', 'NA');
INSERT INTO Students VALUES(11, 'Ryan', 'NA');
INSERT INTO Students VALUES(12, 'Austin', 'NA');
INSERT INTO Students VALUES(13, 'Caroline', 'NA');

INSERT INTO Courses VALUES(1, 'EECS482');
INSERT INTO Courses VALUES(2, 'EECS483');
INSERT INTO Courses VALUES(3, 'EECS484');
INSERT INTO Courses VALUES(4, 'EECS485');
INSERT INTO Courses VALUES(5, 'EECS280');
INSERT INTO Courses VALUES(6, 'EECS445');
INSERT INTO Courses VALUES(7, 'EECS492');
INSERT INTO Courses VALUES(8, 'EECS442');
INSERT INTO Courses VALUES(9, 'EECS486');

INSERT INTO Enrollments VALUES(1,1);
INSERT INTO Enrollments VALUES(1,2);
INSERT INTO Enrollments VALUES(1,3);
INSERT INTO Enrollments VALUES(1,4);
INSERT INTO Enrollments VALUES(1,5);
INSERT INTO Enrollments VALUES(1,6);
INSERT INTO Enrollments VALUES(1,7);
INSERT INTO Enrollments VALUES(1,8);
INSERT INTO Enrollments VALUES(1,9);
INSERT INTO Enrollments VALUES(1,10);
-- INSERT INTO Enrollments VALUES(1,11);
-- INSERT INTO Enrollments VALUES(1,12);
-- INSERT INTO Enrollments VALUES(1,13);

INSERT INTO Enrollments VALUES(2,1);
INSERT INTO Enrollments VALUES(2,7);
INSERT INTO Enrollments VALUES(2,3);
INSERT INTO Enrollments VALUES(2,4);
INSERT INTO Enrollments VALUES(2,5);


INSERT INTO Enrollments VALUES(3,1);
INSERT INTO Enrollments VALUES(3,2);
INSERT INTO Enrollments VALUES(3,3);
INSERT INTO Enrollments VALUES(3,4);
INSERT INTO Enrollments VALUES(3,5);
INSERT INTO Enrollments VALUES(3,6);
INSERT INTO Enrollments VALUES(3,7);
INSERT INTO Enrollments VALUES(3,8);
INSERT INTO Enrollments VALUES(3,9);
INSERT INTO Enrollments VALUES(3,10);
INSERT INTO Enrollments VALUES(3,11);
INSERT INTO Enrollments VALUES(3,12);
INSERT INTO Enrollments VALUES(3,13);

INSERT INTO Enrollments VALUES(4,1);
INSERT INTO Enrollments VALUES(5,1);
INSERT INTO Enrollments VALUES(5,2);

INSERT INTO Enrollments VALUES(6,4);
INSERT INTO Enrollments VALUES(7,4);
INSERT INTO Enrollments VALUES(8,4);
INSERT INTO Enrollments VALUES(9,6);



INSERT INTO Projects VALUES(1, 'Project1');
INSERT INTO Projects VALUES(2, 'Project2');

INSERT INTO Members VALUES(1, 1);
INSERT INTO Members VALUES(1, 2);
INSERT INTO Members VALUES(1, 3);
INSERT INTO Members VALUES(1, 4);
INSERT INTO Members VALUES(1, 6);

INSERT INTO Members VALUES(2, 1);
INSERT INTO Members VALUES(2, 5);




